OBJECTID-esriFieldTypeOID,NVCSName-esriFieldTypeString,NVCSLevel-esriFieldTypeString,MapClass-esriFieldTypeString,MapClassID-esriFieldTypeString,Poly_ID-esriFieldTypeInteger,X_Centroid-esriFieldTypeDouble,Y_Centroid-esriFieldTypeDouble,CALVEGName-esriFieldTypeString,CALVEGCode-esriFieldTypeString,CWHRType-esriFieldTypeString,CWHRCode-esriFieldTypeString,GlobalRank-esriFieldTypeString,StateRank-esriFieldTypeString,Rare-esriFieldTypeString,CaCode-esriFieldTypeString,NVCSAlliance-esriFieldTypeString,NVCSGroup-esriFieldTypeString,NVCSMG-esriFieldTypeString,Acres-esriFieldTypeDouble,Hectares-esriFieldTypeDouble
36933,Sequoiadendron giganteum-Pinus lambertiana/Cornus nuttallii,Association,Giant Sequoia-Sugar Pine/Pacific Dogwood Forest Association,4021,36933,323317.31497133,4069043.07191685,Mixed Conifer - Giant Sequoia,MB,Sierra Mixed Conifer,SMC,,,Yes,86.200.01,Sequoiadendron giganteum,Californian montane conifer forest,Californian–Vancouverian Montane and Foothill Forest,57.23504197,23.16219972
36937,Sequoiadendron giganteum-Pinus lambertiana/Cornus nuttallii,Association,Giant Sequoia-Sugar Pine/Pacific Dogwood Forest Association,4021,36937,323104.55729183,4068773.79620056,Mixed Conifer - Giant Sequoia,MB,Sierra Mixed Conifer,SMC,,,Yes,86.200.01,Sequoiadendron giganteum,Californian montane conifer forest,Californian–Vancouverian Montane and Foothill Forest,28.24060222,11.42856624
37422,Sequoiadendron giganteum-Pinus lambertiana/Cornus nuttallii,Association,Giant Sequoia-Sugar Pine/Pacific Dogwood Forest Association,4021,37422,323771.26493649,4068541.12132848,Mixed Conifer - Giant Sequoia,MB,Sierra Mixed Conifer,SMC,,,Yes,86.200.01,Sequoiadendron giganteum,Californian montane conifer forest,Californian–Vancouverian Montane and Foothill Forest,85.37405052,34.54965246
37448,Sequoiadendron giganteum,Alliance,Giant Sequoia Forest Alliance,4020,37448,323385.51555425,4068436.98027377,Big Tree (Giant Sequoia),BT,Sierra Mixed Conifer,SMC,G3,S3,Yes,86.200.00,Sequoiadendron giganteum,Californian montane conifer forest,Californian–Vancouverian Montane and Foothill Forest,15.81686977,6.4008601
38940,Sequoiadendron giganteum-Pinus lambertiana/Cornus nuttallii,Association,Giant Sequoia-Sugar Pine/Pacific Dogwood Forest Association,4021,38940,323115.60135166,4067027.98887288,Mixed Conifer - Giant Sequoia,MB,Sierra Mixed Conifer,SMC,,,Yes,86.200.01,Sequoiadendron giganteum,Californian montane conifer forest,Californian–Vancouverian Montane and Foothill Forest,4.91091729,1.98737771
38943,Sequoiadendron giganteum-Pinus lambertiana/Cornus nuttallii,Association,Giant Sequoia-Sugar Pine/Pacific Dogwood Forest Association,4021,38943,323644.95583505,4066884.3753099,Mixed Conifer - Giant Sequoia,MB,Sierra Mixed Conifer,SMC,,,Yes,86.200.01,Sequoiadendron giganteum,Californian montane conifer forest,Californian–Vancouverian Montane and Foothill Forest,8.02759222,3.24865131
39420,Sequoiadendron giganteum-Pinus lambertiana/Cornus nuttallii,Association,Giant Sequoia-Sugar Pine/Pacific Dogwood Forest Association,4021,39420,323336.73200242,4066740.46920767,Mixed Conifer - Giant Sequoia,MB,Sierra Mixed Conifer,SMC,,,Yes,86.200.01,Sequoiadendron giganteum,Californian montane conifer forest,Californian–Vancouverian Montane and Foothill Forest,6.22461434,2.51901205
39933,Sequoiadendron giganteum,Alliance,Giant Sequoia Forest Alliance,4020,39933,324389.27429531,4065525.05686073,Big Tree (Giant Sequoia),BT,Sierra Mixed Conifer,SMC,G3,S3,Yes,86.200.00,Sequoiadendron giganteum,Californian montane conifer forest,Californian–Vancouverian Montane and Foothill Forest,142.82880916,57.80076836
40450,Sequoiadendron giganteum-Pinus lambertiana/Cornus nuttallii,Association,Giant Sequoia-Sugar Pine/Pacific Dogwood Forest Association,4021,40450,329355.92387615,4062834.22745379,Mixed Conifer - Giant Sequoia,MB,Sierra Mixed Conifer,SMC,,,Yes,86.200.01,Sequoiadendron giganteum,Californian montane conifer forest,Californian–Vancouverian Montane and Foothill Forest,1937.26872296,783.98483734
40461,Sequoiadendron giganteum-Pinus lambertiana/Cornus nuttallii,Association,Giant Sequoia-Sugar Pine/Pacific Dogwood Forest Association,4021,40461,327211.99697808,4065040.94822984,Mixed Conifer - Giant Sequoia,MB,Sierra Mixed Conifer,SMC,,,Yes,86.200.01,Sequoiadendron giganteum,Californian montane conifer forest,Californian–Vancouverian Montane and Foothill Forest,2.80010494,1.13316226
40464,Sequoiadendron giganteum,Alliance,Giant Sequoia Forest Alliance,4020,40464,323976.42236294,4065557.16883658,Big Tree (Giant Sequoia),BT,Sierra Mixed Conifer,SMC,G3,S3,Yes,86.200.00,Sequoiadendron giganteum,Californian montane conifer forest,Californian–Vancouverian Montane and Foothill Forest,8.11331281,3.2833412
40467,Sequoiadendron giganteum,Alliance,Giant Sequoia Forest Alliance,4020,40467,324201.09106471,4065499.4420041,Big Tree (Giant Sequoia),BT,Sierra Mixed Conifer,SMC,G3,S3,Yes,86.200.00,Sequoiadendron giganteum,Californian montane conifer forest,Californian–Vancouverian Montane and Foothill Forest,4.49284657,1.8181905
40938,Sequoiadendron giganteum-Pinus lambertiana/Cornus nuttallii,Association,Giant Sequoia-Sugar Pine/Pacific Dogwood Forest Association,4021,40938,327770.55927136,4064672.29922278,Mixed Conifer - Giant Sequoia,MB,Sierra Mixed Conifer,SMC,,,Yes,86.200.01,Sequoiadendron giganteum,Californian montane conifer forest,Californian–Vancouverian Montane and Foothill Forest,14.91968998,6.03778432
40939,Sequoiadendron giganteum-Pinus lambertiana/Cornus nuttallii,Association,Giant Sequoia-Sugar Pine/Pacific Dogwood Forest Association,4021,40939,329991.28352621,4064587.92299042,Mixed Conifer - Giant Sequoia,MB,Sierra Mixed Conifer,SMC,,,Yes,86.200.01,Sequoiadendron giganteum,Californian montane conifer forest,Californian–Vancouverian Montane and Foothill Forest,4.08970938,1.65504667
41440,Sequoiadendron giganteum-Pinus lambertiana/Cornus nuttallii,Association,Giant Sequoia-Sugar Pine/Pacific Dogwood Forest Association,4021,41440,328225.14114222,4064121.72604045,Mixed Conifer - Giant Sequoia,MB,Sierra Mixed Conifer,SMC,,,Yes,86.200.01,Sequoiadendron giganteum,Californian montane conifer forest,Californian–Vancouverian Montane and Foothill Forest,2.87583245,1.1638081
41442,Sequoiadendron giganteum,Alliance,Giant Sequoia Forest Alliance,4020,41442,328278.84501521,4064218.00805875,Big Tree (Giant Sequoia),BT,Sierra Mixed Conifer,SMC,G3,S3,Yes,86.200.00,Sequoiadendron giganteum,Californian montane conifer forest,Californian–Vancouverian Montane and Foothill Forest,13.52507189,5.4734024
41942,Sequoiadendron giganteum-Pinus lambertiana/Cornus nuttallii,Association,Giant Sequoia-Sugar Pine/Pacific Dogwood Forest Association,4021,41942,327924.4082185,4063598.34063193,Mixed Conifer - Giant Sequoia,MB,Sierra Mixed Conifer,SMC,,,Yes,86.200.01,Sequoiadendron giganteum,Californian montane conifer forest,Californian–Vancouverian Montane and Foothill Forest,0.04998009,0.02022622
41948,Sequoiadendron giganteum,Alliance,Giant Sequoia Forest Alliance,4020,41948,328034.62325966,4063525.15120828,Big Tree (Giant Sequoia),BT,Sierra Mixed Conifer,SMC,G3,S3,Yes,86.200.00,Sequoiadendron giganteum,Californian montane conifer forest,Californian–Vancouverian Montane and Foothill Forest,14.60865359,5.91191236
42439,Sequoiadendron giganteum-Pinus lambertiana/Cornus nuttallii,Association,Giant Sequoia-Sugar Pine/Pacific Dogwood Forest Association,4021,42439,327096.63666852,4062887.41402127,Mixed Conifer - Giant Sequoia,MB,Sierra Mixed Conifer,SMC,,,Yes,86.200.01,Sequoiadendron giganteum,Californian montane conifer forest,Californian–Vancouverian Montane and Foothill Forest,0.21722883,0.08790939
42973,Sequoiadendron giganteum,Alliance,Giant Sequoia Forest Alliance,4020,42973,327821.55952829,4061630.58377244,Big Tree (Giant Sequoia),BT,Sierra Mixed Conifer,SMC,G3,S3,Yes,86.200.00,Sequoiadendron giganteum,Californian montane conifer forest,Californian–Vancouverian Montane and Foothill Forest,7.76408392,3.14201328
43448,Sequoiadendron giganteum-Pinus lambertiana/Cornus nuttallii,Association,Giant Sequoia-Sugar Pine/Pacific Dogwood Forest Association,4021,43448,327479.35763835,4061594.64208635,Mixed Conifer - Giant Sequoia,MB,Sierra Mixed Conifer,SMC,,,Yes,86.200.01,Sequoiadendron giganteum,Californian montane conifer forest,Californian–Vancouverian Montane and Foothill Forest,1.32768351,0.53729445
43453,Sequoiadendron giganteum-Pinus lambertiana/Cornus nuttallii,Association,Giant Sequoia-Sugar Pine/Pacific Dogwood Forest Association,4021,43453,329971.69912642,4060690.36813524,Mixed Conifer - Giant Sequoia,MB,Sierra Mixed Conifer,SMC,,,Yes,86.200.01,Sequoiadendron giganteum,Californian montane conifer forest,Californian–Vancouverian Montane and Foothill Forest,38.682986,15.65444903
44464,Sequoiadendron giganteum-Pinus lambertiana/Cornus nuttallii,Association,Giant Sequoia-Sugar Pine/Pacific Dogwood Forest Association,4021,44464,330409.91699057,4060273.55923332,Mixed Conifer - Giant Sequoia,MB,Sierra Mixed Conifer,SMC,,,Yes,86.200.01,Sequoiadendron giganteum,Californian montane conifer forest,Californian–Vancouverian Montane and Foothill Forest,5.8964485,2.38620805
44953,Sequoiadendron giganteum-Pinus lambertiana/Cornus nuttallii,Association,Giant Sequoia-Sugar Pine/Pacific Dogwood Forest Association,4021,44953,329252.01240168,4059923.72436483,Mixed Conifer - Giant Sequoia,MB,Sierra Mixed Conifer,SMC,,,Yes,86.200.01,Sequoiadendron giganteum,Californian montane conifer forest,Californian–Vancouverian Montane and Foothill Forest,0.74455006,0.30130871
45441,Sequoiadendron giganteum-Pinus lambertiana/Cornus nuttallii,Association,Giant Sequoia-Sugar Pine/Pacific Dogwood Forest Association,4021,45441,330268.97071177,4058901.25953378,Mixed Conifer - Giant Sequoia,MB,Sierra Mixed Conifer,SMC,,,Yes,86.200.01,Sequoiadendron giganteum,Californian montane conifer forest,Californian–Vancouverian Montane and Foothill Forest,37.66860466,15.24394347
46458,Sequoiadendron giganteum-Pinus lambertiana/Cornus nuttallii,Association,Giant Sequoia-Sugar Pine/Pacific Dogwood Forest Association,4021,46458,329036.20720135,4058317.06955019,Mixed Conifer - Giant Sequoia,MB,Sierra Mixed Conifer,SMC,,,Yes,86.200.01,Sequoiadendron giganteum,Californian montane conifer forest,Californian–Vancouverian Montane and Foothill Forest,1.36837829,0.55376304
46955,Sequoiadendron giganteum-Pinus lambertiana/Cornus nuttallii,Association,Giant Sequoia-Sugar Pine/Pacific Dogwood Forest Association,4021,46955,336589.38293191,4057729.6927552,Mixed Conifer - Giant Sequoia,MB,Sierra Mixed Conifer,SMC,,,Yes,86.200.01,Sequoiadendron giganteum,Californian montane conifer forest,Californian–Vancouverian Montane and Foothill Forest,48.72851599,19.71973079
46965,Sequoiadendron giganteum-Pinus lambertiana/Cornus nuttallii,Association,Giant Sequoia-Sugar Pine/Pacific Dogwood Forest Association,4021,46965,329576.65303051,4057884.40367913,Mixed Conifer - Giant Sequoia,MB,Sierra Mixed Conifer,SMC,,,Yes,86.200.01,Sequoiadendron giganteum,Californian montane conifer forest,Californian–Vancouverian Montane and Foothill Forest,1.39192616,0.56329253
48962,Sequoiadendron giganteum-Pinus lambertiana/Cornus nuttallii,Association,Giant Sequoia-Sugar Pine/Pacific Dogwood Forest Association,4021,48962,335233.35723624,4055621.89332191,Mixed Conifer - Giant Sequoia,MB,Sierra Mixed Conifer,SMC,,,Yes,86.200.01,Sequoiadendron giganteum,Californian montane conifer forest,Californian–Vancouverian Montane and Foothill Forest,239.43079443,96.89420481
49998,Sequoiadendron giganteum,Alliance,Giant Sequoia-White Fir-California Red Fir Forest Association,4023,49998,335776.21155814,4055435.35983952,Mixed Conifer - Fir,MF,Sierra Mixed Conifer,SMC,G3,S3,Yes,86.200.00,Sequoiadendron giganteum,Californian montane conifer forest,Californian–Vancouverian Montane and Foothill Forest,27.49177484,11.12552656
50949,Sequoiadendron giganteum-Pinus lambertiana/Cornus nuttallii,Association,Giant Sequoia-Sugar Pine/Pacific Dogwood Forest Association,4021,50949,333516.11242461,4054172.9068206,Mixed Conifer - Giant Sequoia,MB,Sierra Mixed Conifer,SMC,,,Yes,86.200.01,Sequoiadendron giganteum,Californian montane conifer forest,Californian–Vancouverian Montane and Foothill Forest,36.49081567,14.76730917
51454,Sequoiadendron giganteum-Pinus lambertiana/Cornus nuttallii,Association,Giant Sequoia-Sugar Pine/Pacific Dogwood Forest Association,4021,51454,334993.62345441,4053981.96038669,Mixed Conifer - Giant Sequoia,MB,Sierra Mixed Conifer,SMC,,,Yes,86.200.01,Sequoiadendron giganteum,Californian montane conifer forest,Californian–Vancouverian Montane and Foothill Forest,74.34299691,30.08554345
51455,Sequoiadendron giganteum-Pinus lambertiana/Cornus nuttallii,Association,Giant Sequoia-Sugar Pine/Pacific Dogwood Forest Association,4021,51455,333920.22164487,4054146.46810509,Mixed Conifer - Giant Sequoia,MB,Sierra Mixed Conifer,SMC,,,Yes,86.200.01,Sequoiadendron giganteum,Californian montane conifer forest,Californian–Vancouverian Montane and Foothill Forest,4.19085602,1.69597926
54482,Sequoiadendron giganteum-Pinus lambertiana/Cornus nuttallii,Association,Giant Sequoia-Sugar Pine/Pacific Dogwood Forest Association,4021,54482,338837.66147295,4051059.88211258,Mixed Conifer - Giant Sequoia,MB,Sierra Mixed Conifer,SMC,,,Yes,86.200.01,Sequoiadendron giganteum,Californian montane conifer forest,Californian–Vancouverian Montane and Foothill Forest,15.57760323,6.30403237
54974,Sequoiadendron giganteum-Pinus lambertiana/Cornus nuttallii,Association,Giant Sequoia-Sugar Pine/Pacific Dogwood Forest Association,4021,54974,339207.31619952,4050706.30201021,Mixed Conifer - Giant Sequoia,MB,Sierra Mixed Conifer,SMC,,,Yes,86.200.01,Sequoiadendron giganteum,Californian montane conifer forest,Californian–Vancouverian Montane and Foothill Forest,30.37093121,12.2906798
54984,Sequoiadendron giganteum-Pinus lambertiana/Cornus nuttallii,Association,Giant Sequoia-Sugar Pine/Pacific Dogwood Forest Association,4021,54984,338857.74988011,4050519.47447032,Mixed Conifer - Giant Sequoia,MB,Sierra Mixed Conifer,SMC,,,Yes,86.200.01,Sequoiadendron giganteum,Californian montane conifer forest,Californian–Vancouverian Montane and Foothill Forest,26.75043982,10.82551892
55965,Sequoiadendron giganteum-Pinus lambertiana/Cornus nuttallii,Association,Giant Sequoia-Sugar Pine/Pacific Dogwood Forest Association,4021,55965,338887.72257976,4050047.21059865,Mixed Conifer - Giant Sequoia,MB,Sierra Mixed Conifer,SMC,,,Yes,86.200.01,Sequoiadendron giganteum,Californian montane conifer forest,Californian–Vancouverian Montane and Foothill Forest,7.19055796,2.90991556
56470,Sequoiadendron giganteum-Pinus lambertiana/Cornus nuttallii,Association,Giant Sequoia-Sugar Pine/Pacific Dogwood Forest Association,4021,56470,343326.25172085,4049769.45694006,Mixed Conifer - Giant Sequoia,MB,Sierra Mixed Conifer,SMC,,,Yes,86.200.01,Sequoiadendron giganteum,Californian montane conifer forest,Californian–Vancouverian Montane and Foothill Forest,5.0915451,2.0604752
56516,Sequoiadendron giganteum,Alliance,Giant Sequoia-White Fir-California Red Fir Forest Association,4023,56516,343890.35815101,4049441.7788798,Mixed Conifer - Fir,MF,Sierra Mixed Conifer,SMC,G3,S3,Yes,86.200.00,Sequoiadendron giganteum,Californian montane conifer forest,Californian–Vancouverian Montane and Foothill Forest,41.30145986,16.71410781
57039,Sequoiadendron giganteum,Alliance,Giant Sequoia-White Fir-California Red Fir Forest Association,4023,57039,344455.23699108,4047909.26065636,Mixed Conifer - Fir,MF,Sierra Mixed Conifer,SMC,G3,S3,Yes,86.200.00,Sequoiadendron giganteum,Californian montane conifer forest,Californian–Vancouverian Montane and Foothill Forest,311.55388448,126.08138383
57498,Sequoiadendron giganteum-Pinus lambertiana/Cornus nuttallii,Association,Giant Sequoia-Sugar Pine/Pacific Dogwood Forest Association,4021,57498,341861.94760226,4048318.81007358,Mixed Conifer - Giant Sequoia,MB,Sierra Mixed Conifer,SMC,,,Yes,86.200.01,Sequoiadendron giganteum,Californian montane conifer forest,Californian–Vancouverian Montane and Foothill Forest,28.4243133,11.50291148
57502,Sequoiadendron giganteum-Pinus lambertiana/Cornus nuttallii,Association,Giant Sequoia-Sugar Pine/Pacific Dogwood Forest Association,4021,57502,341517.3254561,4048504.54260412,Mixed Conifer - Giant Sequoia,MB,Sierra Mixed Conifer,SMC,,,Yes,86.200.01,Sequoiadendron giganteum,Californian montane conifer forest,Californian–Vancouverian Montane and Foothill Forest,9.53598287,3.85907535
57508,Sequoiadendron giganteum-Pinus lambertiana/Cornus nuttallii,Association,Giant Sequoia-Sugar Pine/Pacific Dogwood Forest Association,4021,57508,341137.48761805,4048310.78808297,Mixed Conifer - Giant Sequoia,MB,Sierra Mixed Conifer,SMC,,,Yes,86.200.01,Sequoiadendron giganteum,Californian montane conifer forest,Californian–Vancouverian Montane and Foothill Forest,11.89700148,4.81454568
58047,Sequoiadendron giganteum,Alliance,Giant Sequoia Forest Alliance,4020,58047,341269.52930144,4048133.71119235,Big Tree (Giant Sequoia),BT,Sierra Mixed Conifer,SMC,G3,S3,Yes,86.200.00,Sequoiadendron giganteum,Californian montane conifer forest,Californian–Vancouverian Montane and Foothill Forest,5.30907768,2.14850751
58049,Sequoiadendron giganteum,Alliance,Giant Sequoia Forest Alliance,4020,58049,341326.08366413,4048022.51699175,Big Tree (Giant Sequoia),BT,Sierra Mixed Conifer,SMC,G3,S3,Yes,86.200.00,Sequoiadendron giganteum,Californian montane conifer forest,Californian–Vancouverian Montane and Foothill Forest,5.95072926,2.40817469
58993,Sequoiadendron giganteum-Pinus lambertiana/Cornus nuttallii,Association,Giant Sequoia-Sugar Pine/Pacific Dogwood Forest Association,4021,58993,343263.56247153,4047198.51337095,Mixed Conifer - Giant Sequoia,MB,Sierra Mixed Conifer,SMC,,,Yes,86.200.01,Sequoiadendron giganteum,Californian montane conifer forest,Californian–Vancouverian Montane and Foothill Forest,18.82837982,7.61957498
58996,Sequoiadendron giganteum-Pinus lambertiana/Cornus nuttallii,Association,Giant Sequoia-Sugar Pine/Pacific Dogwood Forest Association,4021,58996,341757.21792223,4047124.86726368,Mixed Conifer - Giant Sequoia,MB,Sierra Mixed Conifer,SMC,,,Yes,86.200.01,Sequoiadendron giganteum,Californian montane conifer forest,Californian–Vancouverian Montane and Foothill Forest,10.68367616,4.32353034
59052,Sequoiadendron giganteum,Alliance,Giant Sequoia-White Fir-California Red Fir Forest Association,4023,59052,343479.81078078,4047162.90522208,Mixed Conifer - Fir,MF,Sierra Mixed Conifer,SMC,G3,S3,Yes,86.200.00,Sequoiadendron giganteum,Californian montane conifer forest,Californian–Vancouverian Montane and Foothill Forest,6.38360661,2.58335394
59518,Sequoiadendron giganteum-Pinus lambertiana/Cornus nuttallii,Association,Giant Sequoia-Sugar Pine/Pacific Dogwood Forest Association,4021,59518,342012.72914557,4046636.83401896,Mixed Conifer - Giant Sequoia,MB,Sierra Mixed Conifer,SMC,,,Yes,86.200.01,Sequoiadendron giganteum,Californian montane conifer forest,Californian–Vancouverian Montane and Foothill Forest,5.36650044,2.17174567
59531,Sequoiadendron giganteum,Alliance,Giant Sequoia Forest Alliance,4020,59531,342655.63455339,4046800.05101957,Big Tree (Giant Sequoia),BT,Sierra Mixed Conifer,SMC,G3,S3,Yes,86.200.00,Sequoiadendron giganteum,Californian montane conifer forest,Californian–Vancouverian Montane and Foothill Forest,7.93130773,3.20968636
62026,Sequoiadendron giganteum-Pinus lambertiana/Cornus nuttallii,Association,Giant Sequoia-Sugar Pine/Pacific Dogwood Forest Association,4021,62026,353397.02459763,4043889.52730471,Mixed Conifer - Giant Sequoia,MB,Sierra Mixed Conifer,SMC,,,Yes,86.200.01,Sequoiadendron giganteum,Californian montane conifer forest,Californian–Vancouverian Montane and Foothill Forest,217.83161361,88.15332645
62494,Sequoiadendron giganteum-Pinus lambertiana/Cornus nuttallii,Association,Giant Sequoia-Sugar Pine/Pacific Dogwood Forest Association,4021,62494,351966.95488513,4043998.86684292,Mixed Conifer - Giant Sequoia,MB,Sierra Mixed Conifer,SMC,,,Yes,86.200.01,Sequoiadendron giganteum,Californian montane conifer forest,Californian–Vancouverian Montane and Foothill Forest,2.23537268,0.90462323
62496,Sequoiadendron giganteum-Pinus lambertiana/Cornus nuttallii,Association,Giant Sequoia-Sugar Pine/Pacific Dogwood Forest Association,4021,62496,352484.94049113,4043761.17471065,Mixed Conifer - Giant Sequoia,MB,Sierra Mixed Conifer,SMC,,,Yes,86.200.01,Sequoiadendron giganteum,Californian montane conifer forest,Californian–Vancouverian Montane and Foothill Forest,33.53665322,13.57180205
62508,Sequoiadendron giganteum-Pinus lambertiana/Cornus nuttallii,Association,Giant Sequoia-Sugar Pine/Pacific Dogwood Forest Association,4021,62508,348272.4608782,4043659.76480366,Mixed Conifer - Giant Sequoia,MB,Sierra Mixed Conifer,SMC,,,Yes,86.200.01,Sequoiadendron giganteum,Californian montane conifer forest,Californian–Vancouverian Montane and Foothill Forest,9.98728369,4.04171031
63007,Sequoiadendron giganteum-Pinus lambertiana/Cornus nuttallii,Association,Giant Sequoia-Sugar Pine/Pacific Dogwood Forest Association,4021,63007,349098.46436168,4043432.11505406,Mixed Conifer - Giant Sequoia,MB,Sierra Mixed Conifer,SMC,,,Yes,86.200.01,Sequoiadendron giganteum,Californian montane conifer forest,Californian–Vancouverian Montane and Foothill Forest,3.49800324,1.41559168
63018,Sequoiadendron giganteum-Pinus lambertiana/Cornus nuttallii,Association,Giant Sequoia-Sugar Pine/Pacific Dogwood Forest Association,4021,63018,353149.64804872,4043160.18070895,Mixed Conifer - Giant Sequoia,MB,Sierra Mixed Conifer,SMC,,,Yes,86.200.01,Sequoiadendron giganteum,Californian montane conifer forest,Californian–Vancouverian Montane and Foothill Forest,4.2567266,1.72263613
63500,Sequoiadendron giganteum-Pinus lambertiana/Cornus nuttallii,Association,Giant Sequoia-Sugar Pine/Pacific Dogwood Forest Association,4021,63500,348926.59765063,4042551.41370148,Mixed Conifer - Giant Sequoia,MB,Sierra Mixed Conifer,SMC,,,Yes,86.200.01,Sequoiadendron giganteum,Californian montane conifer forest,Californian–Vancouverian Montane and Foothill Forest,221.78613197,89.75366325
63507,Sequoiadendron giganteum-Pinus lambertiana/Cornus nuttallii,Association,Giant Sequoia-Sugar Pine/Pacific Dogwood Forest Association,4021,63507,347734.76272864,4042642.41380901,Mixed Conifer - Giant Sequoia,MB,Sierra Mixed Conifer,SMC,,,Yes,86.200.01,Sequoiadendron giganteum,Californian montane conifer forest,Californian–Vancouverian Montane and Foothill Forest,98.08583641,39.6939297
63517,Sequoiadendron giganteum-Pinus lambertiana/Cornus nuttallii,Association,Giant Sequoia-Sugar Pine/Pacific Dogwood Forest Association,4021,63517,354593.8697357,4042625.66890129,Mixed Conifer - Giant Sequoia,MB,Sierra Mixed Conifer,SMC,,,Yes,86.200.01,Sequoiadendron giganteum,Californian montane conifer forest,Californian–Vancouverian Montane and Foothill Forest,27.31963802,11.05586526
64535,Sequoiadendron giganteum,Alliance,Giant Sequoia Forest Alliance,4020,64535,348372.82386142,4041958.08340495,Big Tree (Giant Sequoia),BT,Sierra Mixed Conifer,SMC,G3,S3,Yes,86.200.00,Sequoiadendron giganteum,Californian montane conifer forest,Californian–Vancouverian Montane and Foothill Forest,19.73544426,7.98665093
68514,Sequoiadendron giganteum-Pinus lambertiana/Cornus nuttallii,Association,Giant Sequoia-Sugar Pine/Pacific Dogwood Forest Association,4021,68514,345837.58583922,4038327.38586649,Mixed Conifer - Giant Sequoia,MB,Sierra Mixed Conifer,SMC,,,Yes,86.200.01,Sequoiadendron giganteum,Californian montane conifer forest,Californian–Vancouverian Montane and Foothill Forest,2.02109566,0.81790839
68588,Sequoiadendron giganteum,Alliance,Giant Sequoia-White Fir-California Red Fir Forest Association,4023,68588,348922.69735015,4037482.98836451,Mixed Conifer - Fir,MF,Sierra Mixed Conifer,SMC,G3,S3,Yes,86.200.00,Sequoiadendron giganteum,Californian montane conifer forest,Californian–Vancouverian Montane and Foothill Forest,327.46849622,132.5217987
69012,Sequoiadendron giganteum-Pinus lambertiana/Cornus nuttallii,Association,Giant Sequoia-Sugar Pine/Pacific Dogwood Forest Association,4021,69012,344681.54904039,4037506.99728112,Mixed Conifer - Giant Sequoia,MB,Sierra Mixed Conifer,SMC,,,Yes,86.200.01,Sequoiadendron giganteum,Californian montane conifer forest,Californian–Vancouverian Montane and Foothill Forest,147.20898529,59.57336275
69014,Sequoiadendron giganteum-Pinus lambertiana/Cornus nuttallii,Association,Giant Sequoia-Sugar Pine/Pacific Dogwood Forest Association,4021,69014,349918.10992708,4036926.67048675,Mixed Conifer - Giant Sequoia,MB,Sierra Mixed Conifer,SMC,,,Yes,86.200.01,Sequoiadendron giganteum,Californian montane conifer forest,Californian–Vancouverian Montane and Foothill Forest,429.65446617,173.87499358
69069,Sequoiadendron giganteum,Alliance,Giant Sequoia-White Fir-California Red Fir Forest Association,4023,69069,345824.6515751,4037684.04109694,Mixed Conifer - Fir,MF,Sierra Mixed Conifer,SMC,G3,S3,Yes,86.200.00,Sequoiadendron giganteum,Californian montane conifer forest,Californian–Vancouverian Montane and Foothill Forest,51.06131299,20.66378024
69506,Sequoiadendron giganteum-Pinus lambertiana/Cornus nuttallii,Association,Giant Sequoia-Sugar Pine/Pacific Dogwood Forest Association,4021,69506,343525.08484398,4037402.37149894,Mixed Conifer - Giant Sequoia,MB,Sierra Mixed Conifer,SMC,,,Yes,86.200.01,Sequoiadendron giganteum,Californian montane conifer forest,Californian–Vancouverian Montane and Foothill Forest,13.14278462,5.31869623
69516,Sequoiadendron giganteum-Pinus lambertiana/Cornus nuttallii,Association,Giant Sequoia-Sugar Pine/Pacific Dogwood Forest Association,4021,69516,350404.64208768,4037169.53467994,Mixed Conifer - Giant Sequoia,MB,Sierra Mixed Conifer,SMC,,,Yes,86.200.01,Sequoiadendron giganteum,Californian montane conifer forest,Californian–Vancouverian Montane and Foothill Forest,19.85895298,8.03663314
70020,Sequoiadendron giganteum-Pinus lambertiana/Cornus nuttallii,Association,Giant Sequoia-Sugar Pine/Pacific Dogwood Forest Association,4021,70020,350369.51075254,4036804.69649561,Mixed Conifer - Giant Sequoia,MB,Sierra Mixed Conifer,SMC,,,Yes,86.200.01,Sequoiadendron giganteum,Californian montane conifer forest,Californian–Vancouverian Montane and Foothill Forest,31.44009088,12.72335337
70022,Sequoiadendron giganteum-Pinus lambertiana/Cornus nuttallii,Association,Giant Sequoia-Sugar Pine/Pacific Dogwood Forest Association,4021,70022,348072.89448572,4036279.40357698,Mixed Conifer - Giant Sequoia,MB,Sierra Mixed Conifer,SMC,,,Yes,86.200.01,Sequoiadendron giganteum,Californian montane conifer forest,Californian–Vancouverian Montane and Foothill Forest,157.04570515,63.55414205
70076,Sequoiadendron giganteum,Alliance,Giant Sequoia-White Fir-California Red Fir Forest Association,4023,70076,346684.19680874,4036475.76357269,Mixed Conifer - Fir,MF,Sierra Mixed Conifer,SMC,G3,S3,Yes,86.200.00,Sequoiadendron giganteum,Californian montane conifer forest,Californian–Vancouverian Montane and Foothill Forest,19.15486162,7.75169747
70544,Sequoiadendron giganteum-Pinus lambertiana/Cornus nuttallii,Association,Giant Sequoia-Sugar Pine/Pacific Dogwood Forest Association,4021,70544,347123.63304371,4035927.31123446,Mixed Conifer - Giant Sequoia,MB,Sierra Mixed Conifer,SMC,,,Yes,86.200.01,Sequoiadendron giganteum,Californian montane conifer forest,Californian–Vancouverian Montane and Foothill Forest,37.37213484,15.12396639
70547,Sequoiadendron giganteum-Pinus lambertiana/Cornus nuttallii,Association,Giant Sequoia-Sugar Pine/Pacific Dogwood Forest Association,4021,70547,351953.83725233,4036200.30114151,Mixed Conifer - Giant Sequoia,MB,Sierra Mixed Conifer,SMC,,,Yes,86.200.01,Sequoiadendron giganteum,Californian montane conifer forest,Californian–Vancouverian Montane and Foothill Forest,16.89052504,6.83535297
70554,Sequoiadendron giganteum-Pinus lambertiana/Cornus nuttallii,Association,Giant Sequoia-Sugar Pine/Pacific Dogwood Forest Association,4021,70554,351344.85445979,4035646.06357289,Mixed Conifer - Giant Sequoia,MB,Sierra Mixed Conifer,SMC,,,Yes,86.200.01,Sequoiadendron giganteum,Californian montane conifer forest,Californian–Vancouverian Montane and Foothill Forest,280.23612771,113.40753732
70559,Sequoiadendron giganteum-Pinus lambertiana/Cornus nuttallii,Association,Giant Sequoia-Sugar Pine/Pacific Dogwood Forest Association,4021,70559,353041.27224737,4035862.49820798,Mixed Conifer - Giant Sequoia,MB,Sierra Mixed Conifer,SMC,,,Yes,86.200.01,Sequoiadendron giganteum,Californian montane conifer forest,Californian–Vancouverian Montane and Foothill Forest,19.40846454,7.85432694
70563,Sequoiadendron giganteum-Pinus lambertiana/Cornus nuttallii,Association,Giant Sequoia-Sugar Pine/Pacific Dogwood Forest Association,4021,70563,350016.99641582,4035873.4193708,Mixed Conifer - Giant Sequoia,MB,Sierra Mixed Conifer,SMC,,,Yes,86.200.01,Sequoiadendron giganteum,Californian montane conifer forest,Californian–Vancouverian Montane and Foothill Forest,9.78821973,3.96115198
71054,Sequoiadendron giganteum-Pinus lambertiana/Cornus nuttallii,Association,Giant Sequoia-Sugar Pine/Pacific Dogwood Forest Association,4021,71054,350244.48115031,4035672.1036028,Mixed Conifer - Giant Sequoia,MB,Sierra Mixed Conifer,SMC,,,Yes,86.200.01,Sequoiadendron giganteum,Californian montane conifer forest,Californian–Vancouverian Montane and Foothill Forest,26.76770957,10.83250773
71067,Sequoiadendron giganteum-Pinus lambertiana/Cornus nuttallii,Association,Giant Sequoia-Sugar Pine/Pacific Dogwood Forest Association,4021,71067,344571.12912874,4035406.36079294,Mixed Conifer - Giant Sequoia,MB,Sierra Mixed Conifer,SMC,,,Yes,86.200.01,Sequoiadendron giganteum,Californian montane conifer forest,Californian–Vancouverian Montane and Foothill Forest,17.52823855,7.09342647
71106,Sequoiadendron giganteum,Alliance,Giant Sequoia-White Fir-California Red Fir Forest Association,4023,71106,351625.76869272,4035013.20749654,Mixed Conifer - Fir,MF,Sierra Mixed Conifer,SMC,G3,S3,Yes,86.200.00,Sequoiadendron giganteum,Californian montane conifer forest,Californian–Vancouverian Montane and Foothill Forest,107.55942382,43.52775451
71535,Sequoiadendron giganteum-Pinus lambertiana/Cornus nuttallii,Association,Giant Sequoia-Sugar Pine/Pacific Dogwood Forest Association,4021,71535,350211.40309023,4034415.2993521,Mixed Conifer - Giant Sequoia,MB,Sierra Mixed Conifer,SMC,,,Yes,86.200.01,Sequoiadendron giganteum,Californian montane conifer forest,Californian–Vancouverian Montane and Foothill Forest,143.5158513,58.07880445
71585,Sequoiadendron giganteum,Alliance,Giant Sequoia-White Fir-California Red Fir Forest Association,4023,71585,351069.56585238,4034711.57628169,Mixed Conifer - Fir,MF,Sierra Mixed Conifer,SMC,G3,S3,Yes,86.200.00,Sequoiadendron giganteum,Californian montane conifer forest,Californian–Vancouverian Montane and Foothill Forest,35.22511579,14.2550986
72018,Sequoiadendron giganteum-Pinus lambertiana/Cornus nuttallii,Association,Giant Sequoia-Sugar Pine/Pacific Dogwood Forest Association,4021,72018,350872.12177799,4034341.01371935,Mixed Conifer - Giant Sequoia,MB,Sierra Mixed Conifer,SMC,,,Yes,86.200.01,Sequoiadendron giganteum,Californian montane conifer forest,Californian–Vancouverian Montane and Foothill Forest,23.71880428,9.59865954
73536,Sequoiadendron giganteum,Alliance,Giant Sequoia Forest Alliance,4020,73536,339556.87650481,4031791.86271886,Big Tree (Giant Sequoia),BT,Sierra Mixed Conifer,SMC,G3,S3,Yes,86.200.00,Sequoiadendron giganteum,Californian montane conifer forest,Californian–Vancouverian Montane and Foothill Forest,46.60081517,18.85868081
74045,Sequoiadendron giganteum-Pinus lambertiana/Cornus nuttallii,Association,Giant Sequoia-Sugar Pine/Pacific Dogwood Forest Association,4021,74045,347142.66838897,4031845.43781059,Mixed Conifer - Giant Sequoia,MB,Sierra Mixed Conifer,SMC,,,Yes,86.200.01,Sequoiadendron giganteum,Californian montane conifer forest,Californian–Vancouverian Montane and Foothill Forest,6.86195287,2.7769338
74059,Sequoiadendron giganteum-Pinus lambertiana/Cornus nuttallii,Association,Giant Sequoia-Sugar Pine/Pacific Dogwood Forest Association,4021,74059,345330.12700664,4030781.33295047,Mixed Conifer - Giant Sequoia,MB,Sierra Mixed Conifer,SMC,,,Yes,86.200.01,Sequoiadendron giganteum,Californian montane conifer forest,Californian–Vancouverian Montane and Foothill Forest,83.55131181,33.81201628
74062,Sequoiadendron giganteum-Pinus lambertiana/Cornus nuttallii,Association,Giant Sequoia-Sugar Pine/Pacific Dogwood Forest Association,4021,74062,348399.28754857,4030971.13508343,Mixed Conifer - Giant Sequoia,MB,Sierra Mixed Conifer,SMC,,,Yes,86.200.01,Sequoiadendron giganteum,Californian montane conifer forest,Californian–Vancouverian Montane and Foothill Forest,52.46593483,21.23221053
74064,Sequoiadendron giganteum-Pinus lambertiana/Cornus nuttallii,Association,Giant Sequoia-Sugar Pine/Pacific Dogwood Forest Association,4021,74064,347413.20893758,4030874.65672695,Mixed Conifer - Giant Sequoia,MB,Sierra Mixed Conifer,SMC,,,Yes,86.200.01,Sequoiadendron giganteum,Californian montane conifer forest,Californian–Vancouverian Montane and Foothill Forest,31.65595655,12.8107111
74538,Sequoiadendron giganteum-Pinus lambertiana/Cornus nuttallii,Association,Giant Sequoia-Sugar Pine/Pacific Dogwood Forest Association,4021,74538,339333.71942993,4030171.73908019,Mixed Conifer - Giant Sequoia,MB,Sierra Mixed Conifer,SMC,,,Yes,86.200.01,Sequoiadendron giganteum,Californian montane conifer forest,Californian–Vancouverian Montane and Foothill Forest,154.79178083,62.64201124
74541,Sequoiadendron giganteum-Pinus lambertiana/Cornus nuttallii,Association,Giant Sequoia-Sugar Pine/Pacific Dogwood Forest Association,4021,74541,344437.56199161,4029977.33892368,Mixed Conifer - Giant Sequoia,MB,Sierra Mixed Conifer,SMC,,,Yes,86.200.01,Sequoiadendron giganteum,Californian montane conifer forest,Californian–Vancouverian Montane and Foothill Forest,291.65997929,118.03060603
75030,Sequoiadendron giganteum-Pinus lambertiana/Cornus nuttallii,Association,Giant Sequoia-Sugar Pine/Pacific Dogwood Forest Association,4021,75030,343681.04764675,4030245.41929028,Mixed Conifer - Giant Sequoia,MB,Sierra Mixed Conifer,SMC,,,Yes,86.200.01,Sequoiadendron giganteum,Californian montane conifer forest,Californian–Vancouverian Montane and Foothill Forest,12.85089802,5.20057391
75512,Sequoiadendron giganteum-Pinus lambertiana/Cornus nuttallii,Association,Giant Sequoia-Sugar Pine/Pacific Dogwood Forest Association,4021,75512,343149.59722145,4029657.82259637,Mixed Conifer - Giant Sequoia,MB,Sierra Mixed Conifer,SMC,,,Yes,86.200.01,Sequoiadendron giganteum,Californian montane conifer forest,Californian–Vancouverian Montane and Foothill Forest,22.7714861,9.21529347
75515,Sequoiadendron giganteum-Pinus lambertiana/Cornus nuttallii,Association,Giant Sequoia-Sugar Pine/Pacific Dogwood Forest Association,4021,75515,340977.23252992,4029208.64979695,Mixed Conifer - Giant Sequoia,MB,Sierra Mixed Conifer,SMC,,,Yes,86.200.01,Sequoiadendron giganteum,Californian montane conifer forest,Californian–Vancouverian Montane and Foothill Forest,32.80366506,13.27517226
75520,Sequoiadendron giganteum,Alliance,Giant Sequoia Forest Alliance,4020,75520,340360.90814412,4029604.3486585,Big Tree (Giant Sequoia),BT,Sierra Mixed Conifer,SMC,G3,S3,Yes,86.200.00,Sequoiadendron giganteum,Californian montane conifer forest,Californian–Vancouverian Montane and Foothill Forest,36.88887792,14.92839925
75524,Sequoiadendron giganteum,Alliance,Giant Sequoia Forest Alliance,4020,75524,339758.34944572,4029677.13233964,Big Tree (Giant Sequoia),BT,Sierra Mixed Conifer,SMC,G3,S3,Yes,86.200.00,Sequoiadendron giganteum,Californian montane conifer forest,Californian–Vancouverian Montane and Foothill Forest,24.92941703,10.08857714
75569,Sequoiadendron giganteum,Alliance,Giant Sequoia-White Fir-California Red Fir Forest Association,4023,75569,344579.20502044,4029335.55613188,Mixed Conifer - Fir,MF,Sierra Mixed Conifer,SMC,G3,S3,Yes,86.200.00,Sequoiadendron giganteum,Californian montane conifer forest,Californian–Vancouverian Montane and Foothill Forest,107.86680086,43.65214558
76528,Sequoiadendron giganteum-Pinus lambertiana/Cornus nuttallii,Association,Giant Sequoia-Sugar Pine/Pacific Dogwood Forest Association,4021,76528,342220.15902615,4027383.39711572,Mixed Conifer - Giant Sequoia,MB,Sierra Mixed Conifer,SMC,,,Yes,86.200.01,Sequoiadendron giganteum,Californian montane conifer forest,Californian–Vancouverian Montane and Foothill Forest,6.59063879,2.66713689
77034,Sequoiadendron giganteum-Pinus lambertiana/Cornus nuttallii,Association,Giant Sequoia-Sugar Pine/Pacific Dogwood Forest Association,4021,77034,341671.67969457,4027171.46736018,Mixed Conifer - Giant Sequoia,MB,Sierra Mixed Conifer,SMC,,,Yes,86.200.01,Sequoiadendron giganteum,Californian montane conifer forest,Californian–Vancouverian Montane and Foothill Forest,8.76284917,3.54619924
77035,Sequoiadendron giganteum-Pinus lambertiana/Cornus nuttallii,Association,Giant Sequoia-Sugar Pine/Pacific Dogwood Forest Association,4021,77035,345242.43800997,4026732.11762544,Mixed Conifer - Giant Sequoia,MB,Sierra Mixed Conifer,SMC,,,Yes,86.200.01,Sequoiadendron giganteum,Californian montane conifer forest,Californian–Vancouverian Montane and Foothill Forest,150.58958663,60.94144358
77540,Sequoiadendron giganteum-Pinus lambertiana/Cornus nuttallii,Association,Giant Sequoia-Sugar Pine/Pacific Dogwood Forest Association,4021,77540,346127.12774717,4026001.9097504,Mixed Conifer - Giant Sequoia,MB,Sierra Mixed Conifer,SMC,,,Yes,86.200.01,Sequoiadendron giganteum,Californian montane conifer forest,Californian–Vancouverian Montane and Foothill Forest,67.51014879,27.32038792
77543,Sequoiadendron giganteum-Pinus lambertiana/Cornus nuttallii,Association,Giant Sequoia-Sugar Pine/Pacific Dogwood Forest Association,4021,77543,345120.59275218,4025700.57095727,Mixed Conifer - Giant Sequoia,MB,Sierra Mixed Conifer,SMC,,,Yes,86.200.01,Sequoiadendron giganteum,Californian montane conifer forest,Californian–Vancouverian Montane and Foothill Forest,4.56368711,1.84685864
77544,Sequoiadendron giganteum-Pinus lambertiana/Cornus nuttallii,Association,Giant Sequoia-Sugar Pine/Pacific Dogwood Forest Association,4021,77544,344616.56716159,4025438.78030734,Mixed Conifer - Giant Sequoia,MB,Sierra Mixed Conifer,SMC,,,Yes,86.200.01,Sequoiadendron giganteum,Californian montane conifer forest,Californian–Vancouverian Montane and Foothill Forest,13.97372792,5.65496705
77547,Sequoiadendron giganteum-Pinus lambertiana/Cornus nuttallii,Association,Giant Sequoia-Sugar Pine/Pacific Dogwood Forest Association,4021,77547,347446.27188176,4025388.14931096,Mixed Conifer - Giant Sequoia,MB,Sierra Mixed Conifer,SMC,,,Yes,86.200.01,Sequoiadendron giganteum,Californian montane conifer forest,Californian–Vancouverian Montane and Foothill Forest,48.14510157,19.48363135
78047,Sequoiadendron giganteum-Pinus lambertiana/Cornus nuttallii,Association,Giant Sequoia-Sugar Pine/Pacific Dogwood Forest Association,4021,78047,346751.03748594,4024808.42655195,Mixed Conifer - Giant Sequoia,MB,Sierra Mixed Conifer,SMC,,,Yes,86.200.01,Sequoiadendron giganteum,Californian montane conifer forest,Californian–Vancouverian Montane and Foothill Forest,240.17646891,97.19596857
78576,Sequoiadendron giganteum-Pinus lambertiana/Cornus nuttallii,Association,Giant Sequoia-Sugar Pine/Pacific Dogwood Forest Association,4021,78576,345595.77019965,4022854.95827017,Mixed Conifer - Giant Sequoia,MB,Sierra Mixed Conifer,SMC,,,Yes,86.200.01,Sequoiadendron giganteum,Californian montane conifer forest,Californian–Vancouverian Montane and Foothill Forest,664.6419614,268.971059
78684,Sequoiadendron giganteum,Alliance,Giant Sequoia-White Fir-California Red Fir Forest Association,4023,78684,347313.26853029,4022931.87131129,Mixed Conifer - Fir,MF,Sierra Mixed Conifer,SMC,G3,S3,Yes,86.200.00,Sequoiadendron giganteum,Californian montane conifer forest,Californian–Vancouverian Montane and Foothill Forest,56.12941045,22.71476651
78694,Sequoiadendron giganteum,Alliance,Giant Sequoia-White Fir-California Red Fir Forest Association,4023,78694,346243.89181448,4021852.64191446,Mixed Conifer - Fir,MF,Sierra Mixed Conifer,SMC,G3,S3,Yes,86.200.00,Sequoiadendron giganteum,Californian montane conifer forest,Californian–Vancouverian Montane and Foothill Forest,397.48790357,160.85764753
79055,Sequoiadendron giganteum-Pinus lambertiana/Cornus nuttallii,Association,Giant Sequoia-Sugar Pine/Pacific Dogwood Forest Association,4021,79055,344723.31962996,4022042.13267137,Mixed Conifer - Giant Sequoia,MB,Sierra Mixed Conifer,SMC,,,Yes,86.200.01,Sequoiadendron giganteum,Californian montane conifer forest,Californian–Vancouverian Montane and Foothill Forest,15.0668442,6.09733552
79056,Sequoiadendron giganteum-Pinus lambertiana/Cornus nuttallii,Association,Giant Sequoia-Sugar Pine/Pacific Dogwood Forest Association,4021,79056,341542.12456532,4022265.56887601,Mixed Conifer - Giant Sequoia,MB,Sierra Mixed Conifer,SMC,,,Yes,86.200.01,Sequoiadendron giganteum,Californian montane conifer forest,Californian–Vancouverian Montane and Foothill Forest,4.31470301,1.74609836
79061,Sequoiadendron giganteum-Pinus lambertiana/Cornus nuttallii,Association,Giant Sequoia-Sugar Pine/Pacific Dogwood Forest Association,4021,79061,344831.56305433,4021698.69081579,Mixed Conifer - Giant Sequoia,MB,Sierra Mixed Conifer,SMC,,,Yes,86.200.01,Sequoiadendron giganteum,Californian montane conifer forest,Californian–Vancouverian Montane and Foothill Forest,6.82807419,2.76322358
79517,Sequoiadendron giganteum-Pinus lambertiana/Cornus nuttallii,Association,Giant Sequoia-Sugar Pine/Pacific Dogwood Forest Association,4021,79517,345013.16788214,4021553.80778424,Mixed Conifer - Giant Sequoia,MB,Sierra Mixed Conifer,SMC,,,Yes,86.200.01,Sequoiadendron giganteum,Californian montane conifer forest,Californian–Vancouverian Montane and Foothill Forest,1.74765158,0.7072495
79526,Sequoiadendron giganteum-Pinus lambertiana/Cornus nuttallii,Association,Giant Sequoia-Sugar Pine/Pacific Dogwood Forest Association,4021,79526,341347.79898718,4020894.68217248,Mixed Conifer - Giant Sequoia,MB,Sierra Mixed Conifer,SMC,,,Yes,86.200.01,Sequoiadendron giganteum,Californian montane conifer forest,Californian–Vancouverian Montane and Foothill Forest,10.81871192,4.37817738
79527,Sequoiadendron giganteum-Pinus lambertiana/Cornus nuttallii,Association,Giant Sequoia-Sugar Pine/Pacific Dogwood Forest Association,4021,79527,346351.75175787,4019507.30034444,Mixed Conifer - Giant Sequoia,MB,Sierra Mixed Conifer,SMC,,,Yes,86.200.01,Sequoiadendron giganteum,Californian montane conifer forest,Californian–Vancouverian Montane and Foothill Forest,776.35392902,314.17928837
79534,Sequoiadendron giganteum-Pinus lambertiana/Cornus nuttallii,Association,Giant Sequoia-Sugar Pine/Pacific Dogwood Forest Association,4021,79534,347850.83742694,4019949.45845978,Mixed Conifer - Giant Sequoia,MB,Sierra Mixed Conifer,SMC,,,Yes,86.200.01,Sequoiadendron giganteum,Californian montane conifer forest,Californian–Vancouverian Montane and Foothill Forest,218.55796583,88.44727076
80043,Sequoiadendron giganteum-Pinus lambertiana/Cornus nuttallii,Association,Giant Sequoia-Sugar Pine/Pacific Dogwood Forest Association,4021,80043,345903.16382254,4020056.23748065,Mixed Conifer - Giant Sequoia,MB,Sierra Mixed Conifer,SMC,,,Yes,86.200.01,Sequoiadendron giganteum,Californian montane conifer forest,Californian–Vancouverian Montane and Foothill Forest,12.58657678,5.09360691
80044,Sequoiadendron giganteum-Pinus lambertiana/Cornus nuttallii,Association,Giant Sequoia-Sugar Pine/Pacific Dogwood Forest Association,4021,80044,341481.36119894,4020008.76571964,Mixed Conifer - Giant Sequoia,MB,Sierra Mixed Conifer,SMC,,,Yes,86.200.01,Sequoiadendron giganteum,Californian montane conifer forest,Californian–Vancouverian Montane and Foothill Forest,13.78815033,5.57986647
80046,Sequoiadendron giganteum-Pinus lambertiana/Cornus nuttallii,Association,Giant Sequoia-Sugar Pine/Pacific Dogwood Forest Association,4021,80046,346207.35687658,4019806.50933138,Mixed Conifer - Giant Sequoia,MB,Sierra Mixed Conifer,SMC,,,Yes,86.200.01,Sequoiadendron giganteum,Californian montane conifer forest,Californian–Vancouverian Montane and Foothill Forest,22.47160969,9.0939378
80049,Sequoiadendron giganteum-Pinus lambertiana/Cornus nuttallii,Association,Giant Sequoia-Sugar Pine/Pacific Dogwood Forest Association,4021,80049,345280.92606342,4019676.3353128,Mixed Conifer - Giant Sequoia,MB,Sierra Mixed Conifer,SMC,,,Yes,86.200.01,Sequoiadendron giganteum,Californian montane conifer forest,Californian–Vancouverian Montane and Foothill Forest,12.80431979,5.18172437
80052,Sequoiadendron giganteum-Pinus lambertiana/Cornus nuttallii,Association,Giant Sequoia-Sugar Pine/Pacific Dogwood Forest Association,4021,80052,348407.72602472,4019306.82903979,Mixed Conifer - Giant Sequoia,MB,Sierra Mixed Conifer,SMC,,,Yes,86.200.01,Sequoiadendron giganteum,Californian montane conifer forest,Californian–Vancouverian Montane and Foothill Forest,28.26495441,11.43842123
80053,Sequoiadendron giganteum-Pinus lambertiana/Cornus nuttallii,Association,Giant Sequoia-Sugar Pine/Pacific Dogwood Forest Association,4021,80053,348174.34360549,4019198.45213024,Mixed Conifer - Giant Sequoia,MB,Sierra Mixed Conifer,SMC,,,Yes,86.200.01,Sequoiadendron giganteum,Californian montane conifer forest,Californian–Vancouverian Montane and Foothill Forest,9.80718689,3.96882772
80054,Sequoiadendron giganteum-Pinus lambertiana/Cornus nuttallii,Association,Giant Sequoia-Sugar Pine/Pacific Dogwood Forest Association,4021,80054,345686.32289473,4019141.7771901,Mixed Conifer - Giant Sequoia,MB,Sierra Mixed Conifer,SMC,,,Yes,86.200.01,Sequoiadendron giganteum,Californian montane conifer forest,Californian–Vancouverian Montane and Foothill Forest,0.22868037,0.09254366
80055,Sequoiadendron giganteum-Pinus lambertiana/Cornus nuttallii,Association,Giant Sequoia-Sugar Pine/Pacific Dogwood Forest Association,4021,80055,345642.38438254,4018750.61284507,Mixed Conifer - Giant Sequoia,MB,Sierra Mixed Conifer,SMC,,,Yes,86.200.01,Sequoiadendron giganteum,Californian montane conifer forest,Californian–Vancouverian Montane and Foothill Forest,23.71004497,9.59511477
80056,Sequoiadendron giganteum-Pinus lambertiana/Cornus nuttallii,Association,Giant Sequoia-Sugar Pine/Pacific Dogwood Forest Association,4021,80056,347962.390464,4018908.01049172,Mixed Conifer - Giant Sequoia,MB,Sierra Mixed Conifer,SMC,,,Yes,86.200.01,Sequoiadendron giganteum,Californian montane conifer forest,Californian–Vancouverian Montane and Foothill Forest,20.98326142,8.49162462
80059,Sequoiadendron giganteum-Pinus lambertiana/Cornus nuttallii,Association,Giant Sequoia-Sugar Pine/Pacific Dogwood Forest Association,4021,80059,347399.05417888,4018392.36626658,Mixed Conifer - Giant Sequoia,MB,Sierra Mixed Conifer,SMC,,,Yes,86.200.01,Sequoiadendron giganteum,Californian montane conifer forest,Californian–Vancouverian Montane and Foothill Forest,114.53607452,46.35110487
80065,Sequoiadendron giganteum-Pinus lambertiana/Cornus nuttallii,Association,Giant Sequoia-Sugar Pine/Pacific Dogwood Forest Association,4021,80065,347164.82861301,4017960.73873949,Mixed Conifer - Giant Sequoia,MB,Sierra Mixed Conifer,SMC,,,Yes,86.200.01,Sequoiadendron giganteum,Californian montane conifer forest,Californian–Vancouverian Montane and Foothill Forest,0.30517542,0.12350011
80157,Sequoiadendron giganteum,Alliance,Giant Sequoia-White Fir-California Red Fir Forest Association,4023,80157,348173.80763351,4019094.36390346,Mixed Conifer - Fir,MF,Sierra Mixed Conifer,SMC,G3,S3,Yes,86.200.00,Sequoiadendron giganteum,Californian montane conifer forest,Californian–Vancouverian Montane and Foothill Forest,0.74714733,0.30235979
81534,Sequoiadendron giganteum-Pinus lambertiana/Cornus nuttallii,Association,Giant Sequoia-Sugar Pine/Pacific Dogwood Forest Association,4021,81534,342436.05814749,4048136.44128959,Mixed Conifer - Giant Sequoia,MB,Sierra Mixed Conifer,SMC,,,Yes,86.200.01,Sequoiadendron giganteum,Californian montane conifer forest,Californian–Vancouverian Montane and Foothill Forest,1557.76403632,630.40473949
81539,Sequoiadendron giganteum-Pinus lambertiana/Cornus nuttallii,Association,Giant Sequoia-Sugar Pine/Pacific Dogwood Forest Association,4021,81539,354342.93663981,4044895.17190891,Mixed Conifer - Giant Sequoia,MB,Sierra Mixed Conifer,SMC,,,Yes,86.200.01,Sequoiadendron giganteum,Californian montane conifer forest,Californian–Vancouverian Montane and Foothill Forest,2.68688846,1.08734518
